{"cameraMode":{"drawMode":0,"name":"Shaded","section":"Shading Mode"},"sceneLighting":true,"audioPlay":false,"sceneViewState":{"showFog":true,"showMaterialUpdate":true,"showSkybox":true,"showFlares":true,"showImageEffects":true,"showParticleSystems":true},"in2DMode":false,"pivot":{"x":-308.8189697265625,"y":-5.502958297729492,"z":21.827598571777345},"rotation":{"x":0.19238294661045075,"y":0.5653325319290161,"z":-0.13763320446014405,"w":0.7902188301086426},"size":13.566372871398926,"orthographic":false}