{"cameraMode":{"drawMode":0,"name":"Shaded","section":"Shading Mode"},"sceneLighting":true,"audioPlay":false,"sceneViewState":{"showFog":true,"showMaterialUpdate":false,"showSkybox":false,"showFlares":true,"showImageEffects":true,"showParticleSystems":true},"in2DMode":false,"pivot":{"x":-305.7373046875,"y":-2.3036117553710939,"z":0.3495308458805084},"rotation":{"x":0.08659733831882477,"y":0.8976218700408936,"z":-0.2040272057056427,"w":0.3809884190559387},"size":3.468733310699463,"orthographic":true}