{"cameraMode":{"drawMode":0,"name":"Shaded","section":"Shading Mode"},"sceneLighting":false,"audioPlay":false,"sceneViewState":{"showFog":true,"showMaterialUpdate":false,"showSkybox":false,"showFlares":true,"showImageEffects":true,"showParticleSystems":true},"in2DMode":false,"pivot":{"x":-305.6976013183594,"y":-2.3390958309173586,"z":0.0},"rotation":{"x":0.23710666596889497,"y":0.16516874730587007,"z":-0.04094519466161728,"w":0.9564656615257263},"size":5.095951080322266,"orthographic":false}