{"cameraMode":{"drawMode":0,"name":"Shaded","section":"Shading Mode"},"sceneLighting":false,"audioPlay":false,"sceneViewState":{"showFog":true,"showMaterialUpdate":false,"showSkybox":false,"showFlares":true,"showImageEffects":true,"showParticleSystems":true},"in2DMode":false,"pivot":{"x":0.943690299987793,"y":1.9186851978302003,"z":0.7535779476165772},"rotation":{"x":0.16809938848018647,"y":0.235548198223114,"z":-0.041404083371162418,"w":0.9563190937042236},"size":13.188447952270508,"orthographic":true}