{"cameraMode":{"drawMode":0,"name":"Shaded","section":"Shading Mode"},"sceneLighting":false,"audioPlay":false,"sceneViewState":{"showFog":true,"showMaterialUpdate":false,"showSkybox":false,"showFlares":true,"showImageEffects":true,"showParticleSystems":true},"in2DMode":false,"pivot":{"x":0.08067858219146729,"y":1.0084822177886963,"z":-0.00004884600639343262},"rotation":{"x":0.15402205288410188,"y":0.26330339908599856,"z":-0.04262685030698776,"w":0.9513841867446899},"size":4.406342029571533,"orthographic":true}