{"cameraMode":{"drawMode":0,"name":"Shaded","section":"Shading Mode"},"sceneLighting":false,"audioPlay":false,"sceneViewState":{"showFog":true,"showMaterialUpdate":false,"showSkybox":false,"showFlares":true,"showImageEffects":true,"showParticleSystems":true},"in2DMode":false,"pivot":{"x":-306.0631408691406,"y":-2.0016510486602785,"z":-0.5509977340698242},"rotation":{"x":0.10172020643949509,"y":-0.04475102201104164,"z":0.004580477252602577,"w":0.9937958121299744},"size":7.503242015838623,"orthographic":true}