{"cameraMode":{"drawMode":0,"name":"Shaded","section":"Shading Mode"},"sceneLighting":false,"audioPlay":false,"sceneViewState":{"showFog":true,"showMaterialUpdate":false,"showSkybox":false,"showFlares":true,"showImageEffects":true,"showParticleSystems":true},"in2DMode":false,"pivot":{"x":0.10002708435058594,"y":-0.02317047119140625,"z":-0.04334616661071777},"rotation":{"x":0.30324020981788638,"y":0.5641846656799316,"z":-0.23389190435409547,"w":0.7314635515213013},"size":7.6648712158203129,"orthographic":false}