{"cameraMode":{"drawMode":0,"name":"Shaded","section":"Shading Mode"},"sceneLighting":false,"audioPlay":false,"sceneViewState":{"showFog":true,"showMaterialUpdate":false,"showSkybox":false,"showFlares":true,"showImageEffects":true,"showParticleSystems":true},"in2DMode":false,"pivot":{"x":-306.52288818359377,"y":-2.2936606407165529,"z":0.2848796844482422},"rotation":{"x":0.46189597249031069,"y":0.11383668333292008,"z":-0.05991731584072113,"w":0.8775557279586792},"size":2.836451768875122,"orthographic":true}