{"cameraMode":{"drawMode":0,"name":"Shaded","section":"Shading Mode"},"sceneLighting":false,"audioPlay":false,"sceneViewState":{"showFog":true,"showMaterialUpdate":false,"showSkybox":false,"showFlares":true,"showImageEffects":true,"showParticleSystems":true},"in2DMode":false,"pivot":{"x":0.660381555557251,"y":0.9272005558013916,"z":-0.13976836204528809},"rotation":{"x":0.15402205288410188,"y":0.26330339908599856,"z":-0.04262685030698776,"w":0.9513841867446899},"size":6.923189163208008,"orthographic":true}