{"cameraMode":{"drawMode":0,"name":"Shaded","section":"Shading Mode"},"sceneLighting":false,"audioPlay":false,"sceneViewState":{"showFog":true,"showMaterialUpdate":false,"showSkybox":false,"showFlares":true,"showImageEffects":true,"showParticleSystems":true},"in2DMode":false,"pivot":{"x":-313.016357421875,"y":-2.048769235610962,"z":-2.7292871475219728},"rotation":{"x":0.23370057344436646,"y":0.5449432134628296,"z":-0.16143205761909486,"w":0.7888998985290527},"size":8.150385856628418,"orthographic":true}