{"cameraMode":{"drawMode":0,"name":"Shaded","section":"Shading Mode"},"sceneLighting":false,"audioPlay":false,"sceneViewState":{"showFog":true,"showMaterialUpdate":false,"showSkybox":false,"showFlares":true,"showImageEffects":true,"showParticleSystems":true},"in2DMode":false,"pivot":{"x":-0.016378581523895265,"y":0.9621562957763672,"z":0.008585333824157715},"rotation":{"x":0.17249417304992677,"y":0.4594046473503113,"z":-0.0914531797170639,"w":0.8665050268173218},"size":7.732245445251465,"orthographic":true}